{
  "AK":  {"lat": 64.2,  "lon": -149.5, "name": "Alaska"},
  "AL":  {"lat": 32.8,  "lon": -86.9,  "name": "Alabama"},
  "AR":  {"lat": 35.2,  "lon": -92.4,  "name": "Arkansas"},
  "AZ":  {"lat": 34.0,  "lon": -111.7, "name": "Arizona"},
  "SJV":  {"lat": 36.8,  "lon": -119.4, "name": "San Joaquin Valley"},
  "CO":  {"lat": 39.0,  "lon": -105.5, "name": "Colorado"},
  "CT":  {"lat": 41.6,  "lon": -72.7,  "name": "Connecticut"},
  "DE":  {"lat": 39.0,  "lon": -75.5,  "name": "Delaware"},
  "EMA": {"lat": 42.3,  "lon": -71.2,  "name": "Eastern Massachusetts"},
  "ENY": {"lat": 41.9,  "lon": -73.9,  "name": "Eastern New York"},
  "EPA": {"lat": 40.8,  "lon": -75.9,  "name": "Eastern Pennsylvania"},
  "EB": {"lat": 38.1,  "lon": -122.0,  "name": "East Bay"},
  "GA":  {"lat": 32.7,  "lon": -83.3,  "name": "Georgia"},
  "IA":  {"lat": 42.1,  "lon": -93.5,  "name": "Iowa"},
  "ID":  {"lat": 44.1,  "lon": -114.6, "name": "Idaho"},
  "IL":  {"lat": 40.0,  "lon": -89.2,  "name": "Illinois"},
  "IN":  {"lat": 40.2,  "lon": -86.1,  "name": "Indiana"},
  "KS":  {"lat": 38.5,  "lon": -98.3,  "name": "Kansas"},
  "KY":  {"lat": 37.5,  "lon": -85.3,  "name": "Kentucky"},
  "LA":  {"lat": 31.2,  "lon": -92.5,  "name": "Louisiana"},
  "LAX": {"lat": 34.1,  "lon": -118.2, "name": "Los Angeles"},
  "MDC": {"lat": 39.0,  "lon": -76.7,  "name": "Maryland-DC"},
  "ME":  {"lat": 45.2,  "lon": -69.0,  "name": "Maine"},
  "MI":  {"lat": 43.4,  "lon": -84.6,  "name": "Michigan"},
  "MN":  {"lat": 46.1,  "lon": -94.3,  "name": "Minnesota"},
  "MO":  {"lat": 38.6,  "lon": -92.6,  "name": "Missouri"},
  "MS":  {"lat": 32.6,  "lon": -89.7,  "name": "Mississippi"},
  "MT":  {"lat": 46.9,  "lon": -110.4,"name": "Montana"},
  "NC":  {"lat": 35.6,  "lon": -79.4,  "name": "North Carolina"},
  "ND":  {"lat": 47.5,  "lon": -100.5,"name": "North Dakota"},
  "NE":  {"lat": 41.5,  "lon": -99.7,  "name": "Nebraska"},
  "NH":  {"lat": 43.9,  "lon": -71.6,  "name": "New Hampshire"},
  "NNJ": {"lat": 40.8,  "lon": -74.6,  "name": "Northern New Jersey"},
  "SNJ": {"lat": 39.7,  "lon": -74.6,  "name": "Southern New Jersey"},
  "NM":  {"lat": 34.5,  "lon": -106.2, "name": "New Mexico"},
  "NLI": {"lat": 40.8,  "lon": -73.2,  "name": "New York – Long Island"},
  "NNY": {"lat": 44.4,  "lon": -74.1,  "name": "Northern New York"},
  "NV":  {"lat": 39.5,  "lon": -116.9, "name": "Nevada"},
  "OH":  {"lat": 40.3,  "lon": -82.8,  "name": "Ohio"},
  "OK":  {"lat": 35.6,  "lon": -97.5,  "name": "Oklahoma"},
  "ORG": {"lat": 35.2,  "lon": -116.6,  "name": "Orange"},
  "OR":  {"lat": 44.0,  "lon": -120.5, "name": "Oregon"},
  "PAC": {"lat": 21.3,  "lon": -157.8,"name": "Pacific (HI)"},
  "PR": {"lat": 18.2,  "lon": -66.4,"name": "Puerto Rico"},
  "RI":  {"lat": 41.6,  "lon": -71.6,  "name": "Rhode Island"},
  "SB":  {"lat": 34.8,  "lon": -119.8,"name": "Santa Barbara"},
  "SCV": {"lat": 36.5,  "lon": -121.3,  "name": "Santa Clara Valley"},
  "SC":  {"lat": 33.8,  "lon": -80.9,  "name": "South Carolina"},
  "SD":  {"lat": 44.4,  "lon": -100.2,"name": "South Dakota"},
  "SDG": {"lat": 32.8,  "lon": -116.1, "name": "San Diego"},
  "SF": {"lat": 38.9,  "lon": -123.2,  "name": "San Francisco"},
  "SV": {"lat": 40.4,  "lon": -121.1,  "name": "Sacramento Valley"},
  "SFL": {"lat": 26.4,  "lon": -80.7,  "name": "South Florida"},
  "NFL": {"lat": 29.7,  "lon": -82.2,  "name": "Northern Florida"},
  "WCF": {"lat": 27.6,  "lon": -81.9,  "name": "West Central Florida"},
  "STX": {"lat": 29.5,  "lon": -97.2,  "name": "South Texas"},
  "NTX": {"lat": 32.8,  "lon": -96.8,  "name": "North Texas"},
  "WTX": {"lat": 32.4,  "lon": -101.2,"name": "West Texas"},
  "TN":  {"lat": 35.8,  "lon": -86.4,  "name": "Tennessee"},
  "UT":  {"lat": 39.3,  "lon": -111.7,"name": "Utah"},
  "VA":  {"lat": 37.5,  "lon": -78.9,  "name": "Virginia"},
  "VT":  {"lat": 44.0,  "lon": -72.7,  "name": "Vermont"},
  "WMA": {"lat": 42.3,  "lon": -72.1,  "name": "Western Massachusetts"},
  "WNY": {"lat": 42.6,  "lon": -76.9,  "name": "Western New York"},
  "WPA": {"lat": 41.1,  "lon": -78.8,  "name": "Western Pennsylvania"},
  "EWA":  {"lat": 47.6,  "lon": -118.9,"name": "Eastern Washington"},
  "WWA": {"lat": 47.3,  "lon": -122.7,  "name": "Western Washington"},
  "WI":  {"lat": 44.5,  "lon": -89.9,  "name": "Wisconsin"},
  "WV":  {"lat": 38.6,  "lon": -80.6,  "name": "West Virginia"},
  "WY":  {"lat": 43.1,  "lon": -107.6,"name": "Wyoming"},

  "AB":  {"lat": 53.9,  "lon": -115.0,"name": "Alberta (RAC)"},
  "GH":  {"lat": 43.722, "lon": -79.389,"name": "Greater Horseshoe (RAC)"},
  "BC":  {"lat": 54.5,  "lon": -125.0,"name": "British Columbia (RAC)"},
  "MB":  {"lat": 54.7,  "lon": -98.0, "name": "Manitoba (RAC)"},
  "NB":  {"lat": 46.5,  "lon": -66.5, "name": "New Brunswick (RAC)"},
  "NL":  {"lat": 53.1,  "lon": -58.4, "name": "Newfoundland & Labrador (RAC)"},
  "NS":  {"lat": 45.2,  "lon": -63.3, "name": "Nova Scotia (RAC)"},
  "ONE": {"lat": 44.5,  "lon": -77.9,  "name": "Ontario East (RAC)"},
  "ONS": {"lat": 43.9,  "lon": -80.9,  "name": "Ontario South (RAC)"},
  "ONN": {"lat": 51.8,  "lon": -87.2,  "name": "Ontario North (RAC)"},
  "PE":  {"lat": 46.4,  "lon": -63.3, "name": "Prince Edward Island (RAC)"},
  "QC": {"lat": 52.9,  "lon": -71.5, "name": "Quebec (RAC, alias)"},
  "SK":  {"lat": 53.0,  "lon": -106.0,"name": "Saskatchewan (RAC)"},
  "TER": {"lat": 64.9, "lon": -110.2, "name": "Territories (RAC)"},

  "MX": {"lat": 23.8,  "lon": -102.4,  "name": "Mexico"}
}
